notion_page_id,notion_url,created_time,last_edited_time,archived,in_trash,Core Problem,Business Model,Region,Type,Pricing,Target User,UX Notes,Main Features,Content Strategy,Benchmark Point,Website/App URL,Strengths,Weaknesses,Priority,Status,Score,Name
38e7fcdc-6320-8104-957b-cf0df414d5ff,https://app.notion.com/p/Focusmate-38e7fcdc63208104957bcf0df414d5ff,2026-06-29T14:40:00.000Z,2026-06-29T14:40:00.000Z,,False,Difficulty focusing alone and following through on intentions.,Freemium; Subscription,Global,App,Freemium / subscription. Needs current pricing verification.,"Remote workers, students, freelancers, ADHD users, and procrastinators.",Body-doubling converts focus into a social appointment.,"Virtual co-working, scheduled focus sessions, accountability partner.",Strong story angle: strangers helping each other focus.,Use social accountability to overcome procrastination.,https://www.focusmate.com/,"Solves motivation through social accountability, not just tools.",Requires video/session commitment; not ideal for all users.,Medium,Reviewed,84,Focusmate
38e7fcdc-6320-810e-b9a4-f621115d3ccd,https://app.notion.com/p/Todoist-38e7fcdc6320810eb9a4f621115d3ccd,2026-06-29T14:40:00.000Z,2026-06-29T14:40:00.000Z,,False,"Need to capture, organize, and complete tasks across life/work.",Freemium; Subscription; B2B,Global,App,Freemium / Pro / Business. Needs current verification.,"Individuals, teams, students, knowledge workers.",Great baseline for task management; not enough for emotional LifeOS position.,"Tasks, projects, labels, filters, natural language input, templates.",Strong SEO/template ecosystem.,Templates and natural-language task capture.,https://todoist.com/,"Mature ecosystem, templates, broad adoption.",Task completion does not equal meaningful day.,Medium,Reviewed,78,Todoist
38e7fcdc-6320-8117-881c-dc6157eadc4c,https://app.notion.com/p/TickTick-38e7fcdc63208117881cdc6157eadc4c,2026-06-29T14:40:00.000Z,2026-06-29T14:40:00.000Z,,False,"Need combined tasks, calendar, focus, and habit tracking.",Freemium; Subscription,Global,App,Freemium / Premium. Needs current verification.,Users wanting all-in-one productivity.,Good all-in-one competitor benchmark.,"To-do, calendar, habit tracker, Pomodoro, reminders.",Productivity tutorial and workflow content potential.,All-in-one productivity feature bundling.,https://www.ticktick.com/,Broad feature integration across productivity categories.,Can feel feature-heavy rather than emotionally focused.,Medium,Reviewed,80,TickTick
38e7fcdc-6320-8139-9ddd-f9adbc0b085e,https://app.notion.com/p/Reflectly-38e7fcdc632081399dddf9adbc0b085e,2026-06-29T14:40:00.000Z,2026-06-29T14:40:00.000Z,,False,People need emotional reflection and journaling support.,Freemium; Subscription,Global,App,Needs verification.,Users interested in AI-guided journaling and mood reflection.,Guided prompts reduce blank-page friction.,"Mood journal, guided prompts, AI-like reflection, statistics.",Prompt-based self-reflection content.,Use guided prompts to convert reflection into insight.,https://reflectly.app/,Good reference for conversational/guided journaling.,Needs updated verification; AI journal market is crowded.,Low,To Review,62,Reflectly
38e7fcdc-6320-8145-aa38-c637b042dc45,https://app.notion.com/p/Morgen-38e7fcdc63208145aa38c637b042dc45,2026-06-29T14:40:00.000Z,2026-06-29T14:40:00.000Z,,False,Calendars and tasks are fragmented across tools.,Freemium; Subscription,Global,App,Freemium / paid. Needs current verification.,Professionals and personal productivity users.,Calendar as operating system reference.,"Calendar, tasks, scheduling, AI planning, integrations.",AI planning and calendar workflow content.,Calendar-centered LifeOS architecture inspiration.,https://www.morgen.so/,Calendar-centric daily planning and task integration.,More productivity utility than habit/emotional wellness.,Medium,Reviewed,72,Morgen
38e7fcdc-6320-814c-ac4b-cf1563caefa4,https://app.notion.com/p/Way-of-Life-38e7fcdc6320814cac4bcf1563caefa4,2026-06-29T14:40:00.000Z,2026-06-29T14:40:00.000Z,,False,Need for fast daily habit logging and trend awareness.,Freemium; One-time Purchase,Global,App,Needs current pricing verification.,Users who want ultra-simple daily tracking.,Color-based logs allow fast daily self-review.,"Color-coded habit logging, reminders, charts, trend notes.",Good benchmark for simplicity in daily check-ins.,"Make daily recording take seconds, not minutes.",https://wayoflifeapp.com/,Very low-friction check-in model.,Less differentiated as a broader LifeOS product.,Medium,Reviewed,78,Way of Life
38e7fcdc-6320-8154-9129-cf7d5a047054,https://app.notion.com/p/Motion-38e7fcdc632081549129cf7d5a047054,2026-06-29T14:40:00.000Z,2026-06-29T14:40:00.000Z,,False,Manual scheduling and prioritization overwhelm users.,Subscription; B2B,Global,App,Subscription. Needs current verification.,"Professionals, founders, teams, and productivity power users.",Automatic planning may inspire AI routine coach ideas.,"AI calendar, task prioritization, scheduling automation, project management.",AI productivity and automation content.,AI-generated daily plans and schedule optimization.,https://www.usemotion.com/,Strong AI planner positioning.,Business/productivity heavy; less emotional wellbeing.,Medium,Reviewed,76,Motion
38e7fcdc-6320-8159-963a-e1fde369d7f3,https://app.notion.com/p/5-Minute-Journal-38e7fcdc63208159963ae1fde369d7f3,2026-06-29T14:40:00.000Z,2026-06-29T14:40:00.000Z,,False,People want a short gratitude/reflection ritual without long journaling.,Subscription; Book Sales,Global,App,App/book ecosystem. Needs verification.,Self-improvement users wanting quick morning/evening reflection.,Excellent reference for daily beginning/end ritual.,"Morning/evening prompts, gratitude, affirmations, daily reflection.",Book/app/content flywheel is relevant for our company model.,Create a repeatable daily ritual around reflection.,https://www.intelligentchange.com/pages/five-minute-journal-app,Strong ritual and publishing/product ecosystem.,May feel generic without stronger LifeOS integration.,Medium,Reviewed,80,5 Minute Journal
38e7fcdc-6320-8160-843f-c6055af6980b,https://app.notion.com/p/Coach-me-38e7fcdc63208160843fc6055af6980b,2026-06-29T14:40:00.000Z,2026-06-29T14:40:00.000Z,,False,Habit formation often needs human accountability and coaching.,Coaching; Subscription,Global,App,Coaching-based. Needs current verification.,Users willing to pay for coaching and accountability.,Good BM benchmark for human-assisted self-improvement.,"Habit tracking, coaching, accountability, expert support.",Coaching success stories and transformation content.,App-to-coaching business model expansion.,https://www.coach.me/,Connects software habit tracking to human coaching monetization.,Coaching marketplace quality may vary; operationally heavier.,Medium,Reviewed,74,Coach.me
38e7fcdc-6320-8160-9dbb-db52aa5ed548,https://app.notion.com/p/Fabulous-38e7fcdc632081609dbbdb52aa5ed548,2026-06-29T14:40:00.000Z,2026-06-29T14:40:00.000Z,,False,Difficulty building lasting routines and healthy habits.,Subscription,Global,App,Premium subscription. Needs current pricing verification.,People who want structured behavior-change coaching.,"Feels like a life coach, not just a tracker.","Habit journeys, coaching, routines, challenges, behavior science framing.",Strong self-improvement and transformation narrative.,Turn habit formation into guided life-coaching journeys.,https://www.thefabulous.co/,"Strong narrative, coaching, and behavior design.",May feel prescriptive or heavy for users wanting simple tools.,High,Useful,93,Fabulous
38e7fcdc-6320-8161-8520-c8c227242fe4,https://app.notion.com/p/Productive-38e7fcdc632081618520c8c227242fe4,2026-06-29T14:40:00.000Z,2026-06-29T14:40:00.000Z,,False,Need to build routines and track habits in a polished mobile UX.,Freemium; Subscription,Global,App,Needs verification.,Mobile-first users looking for a habit tracker.,Likely useful as visual/mobile UX benchmark.,"Habit tracking, reminders, routine planning, progress visualization.",Habit and routine-oriented content.,Study polished mobile habit tracker UX.,https://productiveapp.io/,Polished habit UX candidate.,Needs current official verification and deeper review.,Low,To Review,65,Productive
38e7fcdc-6320-816d-8ca3-de8e58762070,https://app.notion.com/p/Calm-38e7fcdc6320816d8ca3de8e58762070,2026-06-29T14:40:00.000Z,2026-06-29T14:40:00.000Z,,False,"Stress, sleep, and relaxation routines are hard to maintain.",Subscription; B2B,Global,Company,Subscription / enterprise. Needs current verification.,Consumers and organizations seeking meditation/sleep content.,Content IP can drive retention beyond utility features.,"Meditation, sleep stories, music, soundscapes, breathing, B2B.",Sleep stories and soundscapes show content monetization power.,Build repeat-use content assets around daily states.,https://www.calm.com/,Strong sleep content IP and premium relaxation brand.,Less about productivity/meaningful day than wellness content.,Medium,Reviewed,84,Calm
38e7fcdc-6320-816f-bd77-f1a93421a6e5,https://app.notion.com/p/Habitify-38e7fcdc6320816fbd77f1a93421a6e5,2026-06-29T14:40:00.000Z,2026-06-29T14:40:00.000Z,,False,"Need for organized habit tracking, reminders, and progress analytics.",Freemium; Subscription,Global,App,Freemium / premium. Needs current pricing verification.,Habit-oriented users who want a clean tracker and statistics.,Clean system for habits and progress review.,"Habit tracking, routines, reminders, challenges, analytics, integrations.",Useful for habit challenge and routine education content.,"Combine habit tracking, challenges, and analytics cleanly.",https://www.habitify.me/,Balanced core habit tracker with statistics and challenge features.,Can become another checklist without emotional meaning.,High,Useful,90,Habitify
38e7fcdc-6320-8171-ac0c-d37b9a8a4157,https://app.notion.com/p/HabitNow-38e7fcdc63208171ac0cd37b9a8a4157,2026-06-29T14:40:00.000Z,2026-06-29T14:40:00.000Z,,False,"Need combined habit, routine, and task organization.",Freemium,Global,App,Needs verification.,Users wanting a practical habit/routine planner.,Good functional competitor in habit/routine space.,"Habits, tasks, routines, reminders, statistics.","Utility-oriented, less media-brand oriented.",Map common habit/routine feature baseline.,https://habitnow.app/,Practical all-in-one habit utility.,Less differentiated as a brand.,Low,To Review,58,HabitNow
38e7fcdc-6320-8173-8873-d06fc0e32846,https://app.notion.com/p/Structured-38e7fcdc632081738873d06fc0e32846,2026-06-29T14:40:00.000Z,2026-06-29T14:40:00.000Z,,False,Daily tasks and schedules feel scattered and hard to visualize.,Freemium; Subscription,Global,App,Freemium / Pro. Needs current verification.,"Students, professionals, ADHD users, and routine planners.",Turns a day into a clear timeline.,"Daily timeline, tasks, calendar integration, reminders, planning.",Strong for 'plan my day with me' content.,Visualize the day as a designed timeline.,https://structured.app/,Excellent visual daily timeline; close to meaningful-day planning.,May focus on planning rather than reflection/meaning.,High,Useful,91,Structured
38e7fcdc-6320-8185-90ef-f1f38361afe8,https://app.notion.com/p/AppBlock-38e7fcdc6320818590eff1f38361afe8,2026-06-29T14:40:00.000Z,2026-06-29T14:40:00.000Z,,False,Distracting app and website usage.,Freemium; Subscription,Global,App,Needs verification.,Users needing strict app/web blocking profiles.,Useful benchmark for strictness and profile-based blocking.,"App blocking, website blocking, schedules, strict mode, profiles.",More utility/productivity than emotional brand.,Strict blocking profiles and schedule-based app control.,https://appblock.app/,Strong functional blocking feature set.,Less distinctive as a brand/lifestyle system.,Medium,To Review,74,AppBlock
38e7fcdc-6320-8193-8cbb-f1df28eeff99,https://app.notion.com/p/Balance-38e7fcdc632081938cbbf1df28eeff99,2026-06-29T14:40:00.000Z,2026-06-29T14:40:00.000Z,,False,Generic meditation does not feel personal enough.,Subscription,Global,App,Subscription. Needs verification.,People seeking personalized meditation and mindfulness training.,Onboarding can tailor routines to personal goals.,"Personalized meditation plans, sleep, focus, stress support.",Personalized mindfulness journey content.,Use onboarding to personalize daily wellness programs.,https://www.balanceapp.com/,Personalization angle is relevant to AI routine coach ideas.,"Meditation-focused, not full daily operating system.",Medium,Reviewed,76,Balance
38e7fcdc-6320-819c-801e-ee18b6c14946,https://app.notion.com/p/Daylio-38e7fcdc6320819c801eee18b6c14946,2026-06-29T14:40:00.000Z,2026-06-29T14:40:00.000Z,,False,Journaling has too much friction for daily use.,Freemium; Subscription,Global,App,Freemium / premium. Needs current verification.,People who want simple mood and activity tracking without writing.,Tap-based logging is a key benchmark for low-friction daily check-ins.,"Mood tracking, activity icons, statistics, calendar, goals.",Good for mood/routine insights and visual recap content.,Make daily reflection almost effortless.,https://daylio.net/,Very low-friction emotional logging.,Reflection may not always convert into behavior change.,High,Useful,90,Daylio
38e7fcdc-6320-81a3-81ec-f1a42520914d,https://app.notion.com/p/Loop-Habit-Tracker-38e7fcdc632081a381ecf1a42520914d,2026-06-29T14:40:00.000Z,2026-06-29T14:40:00.000Z,,False,Need a free/open habit tracker without heavy monetization.,Freemium,Global,App,Free / open-source. Needs verification.,Android users and open-source-oriented habit trackers.,Good reference for basic habit score/stat model.,"Habit tracking, statistics, reminders, open-source Android app.",Less content-driven; more utility reference.,Understand the baseline free habit tracker experience.,https://loophabits.org/,"Simple, trustworthy, no-friction habit tracking.",Less brand/lifestyle expansion potential.,Low,To Review,58,Loop Habit Tracker
38e7fcdc-6320-81a5-9543-cc038033bf9b,https://app.notion.com/p/Day-One-38e7fcdc632081a59543cc038033bf9b,2026-06-29T14:40:00.000Z,2026-06-29T14:40:00.000Z,,False,People want to preserve meaningful life memories and reflections.,Freemium; Subscription,Global,App,Freemium / premium. Needs current verification.,"Journalers, life-loggers, writers, and self-reflection users.",High-quality personal archive UX.,"Text/photo/audio/video journal, location, sync, templates.","Strong storytelling, memory, and life reflection angle.",Turn daily life into a long-term personal archive.,https://dayoneapp.com/,Premium life-logging and memory archive positioning.,More recording than behavior change.,Medium,Reviewed,78,Day One
38e7fcdc-6320-81ae-ab45-cebd3927b9e9,https://app.notion.com/p/Journey-38e7fcdc632081aeab45cebd3927b9e9,2026-06-29T14:40:00.000Z,2026-06-29T14:40:00.000Z,,False,Need a cross-platform private journal and life log.,Freemium; Subscription,Global,App,Needs current pricing verification.,People who want personal journaling across devices.,Good reference for multi-platform journaling infrastructure.,"Journal, sync, photo/location, templates, cross-platform support.",Journaling and personal growth content.,Cross-platform daily reflection system.,https://journey.cloud/,Cross-platform journaling ecosystem.,Less directly tied to habits/digital detox.,Low,To Review,60,Journey
38e7fcdc-6320-81b8-94dd-ceb0703841c5,https://app.notion.com/p/Finch-38e7fcdc632081b894ddceb0703841c5,2026-06-29T14:40:00.000Z,2026-06-29T14:40:00.000Z,,False,"Self-care feels hard, lonely, or emotionally heavy.",Freemium; Subscription,Global,App,Freemium / subscription. Needs current verification.,"People seeking gentle self-care, mental wellness, and motivation.",Indirectly motivates self-care through character relationship.,"Virtual pet, self-care tasks, reflections, mood, quests, encouragement.",Very strong character/storytelling potential.,Use character care to support human self-care.,https://finchcare.com/,Self-care via caring for a character; strong emotional attachment.,Cute/pet style may not fit every target segment.,High,Useful,89,Finch
38e7fcdc-6320-81b9-9856-f205aefa3770,https://app.notion.com/p/Sleep-Cycle-38e7fcdc632081b99856f205aefa3770,2026-06-29T14:40:00.000Z,2026-06-29T14:40:00.000Z,,False,Poor sleep awareness and waking at bad times.,Freemium; Subscription,Global,App,Freemium / premium. Needs current verification.,People trying to understand and improve sleep quality.,Sleep score creates measurable recovery loop.,"Sleep tracking, smart alarm, sleep statistics, trends, sounds.",Sleep education and routine content potential.,Convert sleep data into daily planning insights.,https://www.sleepcycle.com/,Strong sleep analytics and daily routine relevance.,Sleep-focused; needs integration with daytime meaning/routine.,Medium,Reviewed,78,Sleep Cycle
38e7fcdc-6320-81bb-a7f5-c932a44e7bce,https://app.notion.com/p/ScreenZen-38e7fcdc632081bba7f5c932a44e7bce,2026-06-29T14:40:00.000Z,2026-06-29T14:40:00.000Z,,False,"Mindless scrolling, excessive screen time, and phone use in bed.",Freemium,Global,App,Needs verification.,"People who want a calmer, less compulsive phone relationship.",Targets context-specific phone habits such as bed use.,"App limits, pause, intervention, screen-time control, sleep/bedtime support.","Good for sleep, morning routine, and bedtime phone content.","Context-aware digital detox, especially bedtime phone use.",https://screenzen.co/,Clear link between screen time and sleep/bed habits.,Needs deeper review on monetization and retention.,Medium,Reviewed,78,ScreenZen
38e7fcdc-6320-81be-95be-e58cd6765627,https://app.notion.com/p/Freedom-38e7fcdc632081be95bee58cd6765627,2026-06-29T14:40:00.000Z,2026-06-29T14:40:00.000Z,,False,"Cross-device digital distraction from apps, websites, and internet access.",Subscription,Global,App,Subscription. Needs current pricing verification in deep dive.,"Students, writers, professionals, and remote workers needing strict blocking.",Heavy-duty blocker rather than life-design product.,"Website/app blocking, sessions, schedules, locked mode, cross-device support.",Productivity and deep work content angle.,Cross-device blocking and locked-mode commitment design.,https://freedom.to/,Powerful multi-device blocking; strong productivity positioning.,More functional than emotional; can feel strict.,Medium,Reviewed,80,Freedom
38e7fcdc-6320-81c4-a4a1-f8c4f04ac8f8,https://app.notion.com/p/DailyBean-38e7fcdc632081c4a4a1f8c4f04ac8f8,2026-06-29T14:40:00.000Z,2026-06-29T14:40:00.000Z,,False,Daily journaling and mood tracking feels too effortful.,Freemium; Subscription,Global,App,Needs verification.,"People who prefer cute, icon-based daily check-ins.",Korean/Asian cute UX references may be highly relevant.,"Mood tracking, activity icons, calendar, simple daily record.",Strong fit for visual social content and daily recap posts.,Cute icon-based daily reflection UX.,https://dailybean.app/,"Cute, low-friction daily mood logging.",May remain as a simple diary without deeper intervention.,Medium,Reviewed,83,DailyBean
38e7fcdc-6320-81cb-8410-c14923eff138,https://app.notion.com/p/RISE-38e7fcdc632081cb8410c14923eff138,2026-06-29T14:40:00.000Z,2026-06-29T14:40:00.000Z,,False,"People do not understand sleep debt, energy timing, and daily performance.",Subscription,Global,App,Subscription. Needs current verification.,"People wanting better energy, sleep, and daily planning.",Energy forecast can influence when to do meaningful tasks.,"Sleep debt, circadian energy schedule, habit recommendations, sleep tracking.",Strong for 'plan your day by your energy' education.,Use body rhythm and energy to design the day.,https://www.risescience.com/,Connects sleep to daily energy and behavior planning.,Sleep/energy specific; may need broader habit layer for LifeOS.,High,Useful,89,RISE
38e7fcdc-6320-81cb-a800-d7412611deeb,https://app.notion.com/p/Sunsama-38e7fcdc632081cba800d7412611deeb,2026-06-29T14:40:00.000Z,2026-06-29T14:40:00.000Z,,False,Busy knowledge workers overplan and burn out.,Subscription,Global,App,Premium subscription. Needs current verification.,Professionals seeking calm daily planning and sustainable productivity.,Planning is framed as a mindful daily ritual.,"Daily planning ritual, task integrations, calendar planning, shutdown routine.",Good for 'slow productivity' and burnout prevention content.,Daily planning ritual and sustainable productivity positioning.,https://www.sunsama.com/,Strong slow-productivity and daily ritual positioning.,B2B/knowledge-worker tone may be less Gen Z/gat-saeng friendly.,Medium,Reviewed,84,Sunsama
38e7fcdc-6320-81d2-b3b9-e0cce2294ca5,https://app.notion.com/p/Forest-38e7fcdc632081d2b3b9e0cce2294ca5,2026-06-29T14:40:00.000Z,2026-06-29T14:40:00.000Z,,False,Smartphone distraction and lack of focus during study/work sessions.,Freemium; Subscription,Global,App,Freemium / premium features. Needs updated pricing verification in deep dive.,"Students, workers, and people who want to reduce phone use while focusing.",Focus behavior is converted into visible growth and loss aversion.,"Focus timer, virtual tree growth, forest collection, social focus, phone-use friction.",Highly visual and shareable; tree/forest metaphor works well for social content.,Turn digital restraint into visible growth assets.,https://forestapp.cc/,"Strong visual metaphor, simple behavior loop, emotional reward.",Mostly session-based; does not fully manage broader life routines.,High,Useful,95,Forest
38e7fcdc-6320-81d4-9359-cda281a05c9c,https://app.notion.com/p/Brain-fm-38e7fcdc632081d49359cda281a05c9c,2026-06-29T14:40:00.000Z,2026-06-29T14:40:00.000Z,,False,"Difficulty entering focus, relaxation, or sleep states.",Subscription,Global,App,Subscription. Needs current pricing verification.,"People who use sound to support focus, sleep, or meditation.",Focus aid is ambient and low-effort.,"Functional music for focus, relaxation, meditation, sleep.",Good for productivity soundscape and study-with-me content.,"Support behavior through environment design, not only willpower.",https://www.brain.fm/,Alternative to blocking: optimize environment with sound.,Does not directly manage habits or routines.,Medium,Reviewed,76,Brain.fm
38e7fcdc-6320-81da-8628-e27dae77a061,https://app.notion.com/p/Reclaim-38e7fcdc632081da8628e27dae77a061,2026-06-29T14:40:00.000Z,2026-06-29T14:40:00.000Z,,False,"Tasks, habits, and meetings do not fit into calendars automatically.",Freemium; Subscription; B2B,Global,App,Freemium / paid plans. Needs current verification.,Professionals and teams needing automated scheduling.,Good benchmark for automatic habit scheduling.,"AI scheduling, habits, tasks, calendar blocking, team availability.",B2B productivity and calendar automation content.,Automatically place habits into the calendar.,https://www.reclaim.ai/,Automatically schedules habits/tasks into available time.,More work calendar than personal meaning system.,Medium,Reviewed,77,Reclaim
38e7fcdc-6320-81e3-8927-ce7fd0091100,https://app.notion.com/p/one-sec-38e7fcdc632081e38927ce7fd0091100,2026-06-29T14:40:00.000Z,2026-06-29T14:40:00.000Z,,False,Impulse opening of distracting apps and social media.,Freemium; Subscription,Global,App,Freemium / Pro. Needs current pricing verification in deep dive.,Users who want to reduce compulsive app-checking without full blocking.,The core UX is a mindful interruption at the exact moment of impulse.,"Pause before app open, breathing, intention check, intervention UX.",Great for short-form content: 'what if Instagram asked you why?',Use friction UX to interrupt unconscious digital behavior.,https://one-sec.app/,Behaviorally elegant; adds friction instead of total prohibition.,May not solve deeper routine or meaning problems by itself.,High,Useful,94,one sec
38e7fcdc-6320-81e7-83ab-e8af1d07841d,https://app.notion.com/p/Habitica-38e7fcdc632081e783abe8af1d07841d,2026-06-29T14:40:00.000Z,2026-06-29T14:40:00.000Z,,False,Habit tracking and to-do management lacks motivation.,Freemium; Subscription; Community Membership,Global,App,Freemium / subscription / in-app items. Needs verification.,"Gamers, students, and people motivated by RPG-style rewards.",Externalizes self-management into character progression.,"Tasks, habits, RPG avatar, quests, party/guild mechanics.",Good for gamified habit and quest-based challenge content.,Turn daily habits into quests and character growth.,https://habitica.com/,Strong gamification and community mechanics.,RPG style can be niche or visually dated for mainstream users.,Medium,Reviewed,82,Habitica
38e7fcdc-6320-81ed-9032-caa4788d5a17,https://app.notion.com/p/Pomofocus-38e7fcdc632081ed9032caa4788d5a17,2026-06-29T14:40:00.000Z,2026-06-29T14:40:00.000Z,,False,Need for a simple Pomodoro timer and task focus flow.,Freemium,Global,App,Needs verification; lightweight web product.,Students and workers who want a lightweight focus timer.,Good reference for minimum viable focus tool.,"Pomodoro timer, task list, simple web interface.",Useful as MVP simplicity benchmark.,Keep first focus tool simple and fast.,https://pomofocus.io/,Extreme simplicity and low friction.,Limited differentiation and low defensibility.,Low,To Review,60,Pomofocus
38e7fcdc-6320-81f6-8615-ff43d2d8797c,https://app.notion.com/p/Headspace-38e7fcdc632081f68615ff43d2d8797c,2026-06-29T14:40:00.000Z,2026-06-29T14:40:00.000Z,,False,"Stress, sleep, anxiety, and mental wellness need accessible daily support.",Subscription; B2B,Global,Company,Subscription / enterprise. Needs current verification.,"Consumers, employees, organizations, and mental wellness users.",Content-led wellness platform rather than just a utility app.,"Meditation, sleep, mindfulness, coaching, mental health content, B2B.",Excellent app + content + B2B model benchmark.,Expand from consumer wellbeing content to B2B wellness platform.,https://www.headspace.com/,"Strong brand, content library, B2B expansion, mental wellness credibility.",Large incumbent; not directly focused on digital detox/gat-saeng.,High,Useful,88,Headspace
38e7fcdc-6320-81f8-b82c-ea61764dc7e0,https://app.notion.com/p/Akiflow-38e7fcdc632081f8b82cea61764dc7e0,2026-06-29T14:40:00.000Z,2026-06-29T14:40:00.000Z,,False,Tasks are scattered across tools and not connected to calendar time.,Subscription,Global,App,Subscription. Needs current verification.,Productivity-focused professionals and time-blocking users.,Time-blocking workflow is useful for LifeOS planning ideas.,"Universal inbox, task integrations, calendar time blocking, command bar.",Time-blocking and productivity workflow content.,Capture tasks and convert them into scheduled blocks.,https://akiflow.com/,Clear workflow from capture to calendar execution.,Power-user focused; may be too complex for mainstream self-care.,Medium,Reviewed,74,Akiflow
38e7fcdc-6320-81fd-91bd-df8d78e091f7,https://app.notion.com/p/RescueTime-38e7fcdc632081fd91bddf8d78e091f7,2026-06-29T14:40:00.000Z,2026-06-29T14:40:00.000Z,,False,Lack of visibility into how time is spent on devices.,Subscription; B2B,Global,App,Subscription / team plans. Needs current pricing verification.,"Knowledge workers, freelancers, students, and productivity-focused users.",Passive tracking reduces manual input burden.,"Automatic time tracking, focus sessions, goals, reports, alerts.","Good for time audit, productivity, and deep work education.",Turn passive digital behavior data into self-awareness and action.,https://www.rescuetime.com/,Data-driven awareness and long-term time analytics.,Can feel analytical rather than emotionally motivating.,Medium,Reviewed,82,RescueTime
38e7fcdc-6320-81fd-aa1e-e31c46a7c5f5,https://app.notion.com/p/Jomo-38e7fcdc632081fdaa1ee31c46a7c5f5,2026-06-29T14:40:00.000Z,2026-06-29T14:40:00.000Z,,False,Bad screen time and compulsive digital habits.,Freemium; Subscription,Global,App,Needs current pricing verification.,People looking for a more positive digital detox experience.,Brand angle is softer and more lifestyle-oriented than strict blockers.,"Screen-time limits, app blocking, digital wellbeing tools.",Strong lifestyle message: missing out online to live offline.,Reframe digital detox from deprivation to joy.,https://jomo.so/,Positive emotional framing: Joy of Missing Out.,Needs deeper product differentiation review against Opal/one sec.,High,Useful,88,Jomo
38e7fcdc-6320-81fe-bc1a-cf365d3fbc88,https://app.notion.com/p/Streaks-38e7fcdc632081febc1acf365d3fbc88,2026-06-29T14:40:00.000Z,2026-06-29T14:40:00.000Z,,False,Need motivation to maintain repeated habits.,One-time Purchase,Global,App,Needs current pricing verification.,iOS users who like streak-based motivation.,Strong lesson in continuity and visible progress.,"Habit tasks, streaks, Apple Health integration, widgets.","Streaks are easy to explain, but can be psychologically harsh.",Use streaks carefully; consider recovery-based alternatives.,https://streaksapp.com/,Clear streak mechanic and simple iOS-native feel.,Streak pressure can create guilt after failure.,Low,To Review,66,Streaks
38e7fcdc-6320-81ff-9313-e0c8ef03e47f,https://app.notion.com/p/Opal-38e7fcdc632081ff9313e0c8ef03e47f,2026-06-29T14:40:00.000Z,2026-06-29T14:40:00.000Z,,False,Uncontrolled screen time and distracting app use.,Freemium; Subscription,Global,App,Freemium / Pro. Needs current pricing verification in deep dive.,People who want stronger screen time control and focus automation.,Turns digital wellness into measurable score and rule system.,"App blocking, focus rules, screen time analytics, Opal Score.",Strong for digital detox and screen time reduction content.,Score-based digital wellness and modern app-blocking UX.,https://www.opal.so/,"Strong modern positioning, score-based digital wellness, automation.",May feel restrictive for users who dislike blocking tools.,High,Useful,94,Opal
