notion_page_id,notion_url,created_time,last_edited_time,archived,in_trash,Key Insight,Summary,Region,Source Type,Channel,URL,Benchmark Point,Relevance Score,Category,Status,Last Reviewed,Name
38e7fcdc-6320-812a-8b3d-e31f3d94e64a,https://app.notion.com/p/Deep-Dive-RISE-38e7fcdc6320812a8b3de31f3d94e64a,2026-06-29T15:02:00.000Z,2026-06-29T15:02:00.000Z,,False,LifeOS can initially use self-reported energy instead of wearables. Recommendations should adapt to low-energy and high-energy days.,"RISE connects sleep debt and circadian rhythm to daily energy planning. Its lesson is that routines should account for real energy, not idealized willpower.",Global,Primary,App,https://www.risescience.com/,Energy-aware daily planning based on sleep and rhythm.,86,Sleep,Useful,2026-06-29,Deep Dive - RISE
38e7fcdc-6320-813b-bd4c-d3ef8a3ab074,https://app.notion.com/p/Deep-Dive-Fabulous-38e7fcdc6320813bbd4cd3ef8a3ab074,2026-06-29T15:02:00.000Z,2026-06-29T15:02:00.000Z,,False,"LifeOS should guide users through a staged journey: awareness, first pause, small meaningful action, 10-second reflection, weekly recovery pattern.","Fabulous turns habit formation into a guided coaching journey. It shows that a habit app can feel like a transformation program, not a checklist.",Global,Primary,App,https://www.thefabulous.co/,Guided behavior-change journey rather than plain habit tracking.,90,Habit Formation,Useful,2026-06-29,Deep Dive - Fabulous
38e7fcdc-6320-8142-8875-e99da3e3f734,https://app.notion.com/p/Deep-Dive-Finch-38e7fcdc632081428875e99da3e3f734,2026-06-29T15:02:00.000Z,2026-06-29T15:02:00.000Z,,False,"LifeOS should feel supportive and non-judgmental. If using character/growth metaphors, it should be emotionally warm but not too childish for adult users.",Finch turns self-care into caring for a virtual pet. Its strongest lesson is emotional safety: users are encouraged rather than punished.,Global,Primary,App,https://apps.apple.com/us/app/finch-self-care-pet/id1528595748,Character-based self-care and failure-tolerant motivation.,92,Mindfulness,Useful,2026-06-29,Deep Dive - Finch
38e7fcdc-6320-8144-9f27-fa21a9a278ae,https://app.notion.com/p/Deep-Dive-Jomo-38e7fcdc632081449f27fa21a9a278ae,2026-06-29T15:02:00.000Z,2026-06-29T15:02:00.000Z,,False,"LifeOS should not frame digital detox as deprivation. It should frame it as getting your day back, recovering time, and choosing what matters.",Jomo reframes digital detox as Joy of Missing Out. Its strongest lesson is positive emotional branding around not checking everything.,Global,Primary,App,https://jomo.so/,Positive branding for missing out online.,88,Digital Detox,Useful,2026-06-29,Deep Dive - Jomo
38e7fcdc-6320-818f-861b-e4bccd89010d,https://app.notion.com/p/Deep-Dive-one-sec-38e7fcdc6320818f861be4bccd89010d,2026-06-29T15:02:00.000Z,2026-06-29T15:02:00.000Z,,False,"LifeOS should not only block. It should ask a warm, timely question at the moment users unconsciously open Instagram, YouTube Shorts, or other distraction apps.",one sec inserts a pause before opening distracting apps. It is one of the strongest references for LifeOS because it intervenes exactly at the moment of impulse.,Global,Primary,App,https://one-sec.app/,Friction UX at the impulse moment.,98,Digital Detox,Useful,2026-06-29,Deep Dive - one sec
38e7fcdc-6320-819e-8728-c18de694d83b,https://app.notion.com/p/Deep-Dive-Daylio-38e7fcdc6320819e8728c18de694d83b,2026-06-29T15:02:00.000Z,2026-06-29T15:02:00.000Z,,False,"LifeOS reflection should start with 2-3 taps, not long writing. Users can add text later, but the default must be almost frictionless.",Daylio makes journaling extremely low-friction through mood and activity taps. It is central to LifeOS because daily reflection must be nearly effortless.,Global,Primary,App,https://daylio.net/,2-tap mood/activity journaling and low-friction reflection.,97,Journaling,Useful,2026-06-29,Deep Dive - Daylio
38e7fcdc-6320-81a3-9e84-e86a4f8d9b7b,https://app.notion.com/p/Deep-Dive-Structured-38e7fcdc632081a39e84e86a4f8d9b7b,2026-06-29T15:02:00.000Z,2026-06-29T15:02:00.000Z,,False,"LifeOS should make the day visually legible: focus blocks, distraction recoveries, small meaningful actions, and reflection should appear as a simple day story.","Structured visualizes the day as a timeline. It is a strong reference for making 'a meaningful day' visible, rather than abstract.",Global,Primary,App,https://structured.app/,Visual daily timeline for tasks and routines.,92,Productivity,Useful,2026-06-29,Deep Dive - Structured
38e7fcdc-6320-81b4-8f49-cf458f21da09,https://app.notion.com/p/Deep-Dive-Opal-38e7fcdc632081b48f49cf458f21da09,2026-06-29T15:02:00.000Z,2026-06-29T15:02:00.000Z,,False,"LifeOS can use score/rules, but should avoid feeling punitive. A 'recovery score' or 'meaningful day score' should encourage repair, not shame.","Opal uses app blocking, rules, focus automation, and scoring to manage screen time. It shows how digital wellbeing can become measurable and rule-based.",Global,Primary,App; SaaS,https://www.opal.so/,Score-based digital wellbeing and automated blocking rules.,88,Digital Detox,Useful,2026-06-29,Deep Dive - Opal
38e7fcdc-6320-81c2-926a-e6870a11e859,https://app.notion.com/p/Deep-Dive-Habitify-38e7fcdc632081c2926ae6870a11e859,2026-06-29T15:02:00.000Z,2026-06-29T15:02:00.000Z,,False,"LifeOS can borrow time-of-day routine structure, but should center around meaningful-day recovery rather than generic habit completion.","Habitify is a clean reference for habit tracking, routines, challenges, and analytics. Its lesson is useful, but LifeOS should avoid becoming a generic checklist app.",Global,Primary,App,https://www.habitify.me/,"Habit routines, challenges, analytics, and time-of-day organization.",86,Habit Formation,Useful,2026-06-29,Deep Dive - Habitify
38e7fcdc-6320-81d4-a93b-c01c5e48cd10,https://app.notion.com/p/Deep-Dive-Forest-38e7fcdc632081d4a93bc01c5e48cd10,2026-06-29T15:02:00.000Z,2026-06-29T15:02:00.000Z,,False,"Users are more motivated when saved focus time becomes visible progress. LifeOS can translate 'less screen time' into 'recovered day' artifacts such as a recovery garden, day badge, or meaningful-day record.","Forest turns focus time into a visual forest-growth reward. Its key lesson for LifeOS is that digital restraint should become an emotional asset, not just a number.",Global,Primary,App,https://forestapp.cc/,Visual growth reward for digital restraint.,95,Digital Detox,Useful,2026-06-29,Deep Dive - Forest
38e7fcdc-6320-81cf-9445-f413ab1f7285,https://app.notion.com/p/Batch-1-Top-10-Deep-Dive-Initial-Findings-38e7fcdc632081cf9445f413ab1f7285,2026-06-29T14:49:00.000Z,2026-06-29T14:49:00.000Z,,False,"The strongest opportunity is not a single feature category. It is a combined loop: reduce bad screen time, convert saved time into small meaningful actions, visualize progress emotionally, and close the day with low-friction reflection.","Initial deep dive completed for top 10 LifeOS-relevant apps/services: Forest, Opal, one sec, Jomo, Fabulous, Habitify, Structured, Daylio, Finch, RISE. Research used official websites, pricing pages where available, App Store pages where useful, and secondary sources when official pages were limited.",Global,Primary,App; SaaS; B2B,,Forest = visual growth; Opal = score/rules; one sec = friction moment; Jomo = positive digital detox brand; Fabulous = guided behavior journey; Habitify = habit analytics/challenges; Structured = visual day timeline; Daylio = low-friction reflection; Finch = character-based self-care; RISE = energy-aware daily planning.,98,Digital Detox,Useful,2026-06-29,Batch 1 Top 10 Deep Dive - Initial Findings
38e7fcdc-6320-81d6-a6b1-d66772e4cf9c,https://app.notion.com/p/Batch-1-App-Service-Landscape-40-Competitors-Collected-and-Top-10-Shortlisted-38e7fcdc632081d6a6b1d66772e4cf9c,2026-06-29T14:40:00.000Z,2026-06-29T14:40:00.000Z,,False,"The biggest LifeOS opportunity is not another strict blocker or checklist habit tracker. The whitespace is a system that helps users feel that a day was meaningful through digital restraint, small routines, reflection, and emotionally rewarding progress.","Batch 1 collected 40 app/service competitors across digital detox, focus, habit tracking, routine planning, journaling, mindfulness, sleep, and AI productivity. The flow is: broad candidate collection -> relevance scoring -> top 10 deep-dive shortlist.",Global,Secondary,App; SaaS; B2B,,"Top 10 deep-dive shortlist: Forest, Opal, one sec, Jomo, Fabulous, Habitify, Structured, Daylio, Finch, RISE.",95,Productivity,Useful,2026-06-29,Batch 1 App/Service Landscape - 40 Competitors Collected and Top 10 Shortlisted
